rank,molecule,pubchem_cid,wikipedia_views_monthly,bucket,family,is_otc,dual_use,added,handling
1,Limonene,22311,1091998,scent-aroma,terpene,,,,
2,Paracetamol,1983,85493,otc-medicine,otc,yes,,,
3,Water,962,70659,everyday-chemistry,inorganic,,,yes,add-core
4,Diphenhydramine,3100,58481,otc-medicine,otc,yes,,,
5,Ethanol,702,55687,food-flavor,alcohol,,yes,,
6,Ibuprofen,3672,53595,otc-medicine,otc,yes,,,
7,Creatine,586,53553,body-endogenous,amino-acid,,,,
8,Cetirizine,2678,51328,otc-medicine,otc,yes,,,
9,Caffeine,2519,49284,food-flavor,alkaloid,,yes,,
10,Monosodium glutamate,23672308,48024,food-flavor,amino-acid,,,,
11,Omeprazole,4594,47306,otc-medicine,otc,yes,,,
12,Aspirin,2244,45189,otc-medicine,otc,yes,,,
13,Sodium bicarbonate,516892,42922,food-flavor,other,,,,
14,Hydrogen peroxide,784,39945,everyday-chemistry,inorganic,yes,,yes,add-core
15,Ammonia,222,39514,everyday-chemistry,inorganic,,,yes,add-core
16,Naproxen,156391,39102,otc-medicine,otc,yes,,,
17,Nitrous oxide,948,36632,everyday-chemistry,inorganic,,yes,yes,add-core
18,Dextromethorphan,5360696,35856,otc-medicine,otc,yes,,,
19,Nicotine,89594,35102,plant-compound,alkaloid,,yes,,
20,Vitamin B12,184933,33721,nutrient-vitamin,vitamin,,,,
21,Dopamine,681,33579,body-endogenous,neurotransmitter,,,,
22,Carbon dioxide,280,33575,everyday-chemistry,inorganic,,,yes,add-core
23,Urea,1176,32992,body-endogenous,other,,,,
24,Glucose,5793,32866,sweetener,sugar,,,yes,
25,Cortisol,5754,32695,body-endogenous,steroid-hormone,,yes,,
26,Testosterone,6013,31232,body-endogenous,steroid-hormone,,yes,,
27,Acetic acid,176,31041,food-flavor,organic-acid,,,,
28,Pseudoephedrine,7028,30793,otc-medicine,otc,yes,,,
29,Serotonin,5202,30705,body-endogenous,neurotransmitter,,,,
30,Tetrahydrocannabinol,16078,29102,plant-compound,terpenoid,,yes,,
31,Adenosine triphosphate,5957,28694,body-endogenous,nucleobase,,,,
32,Vitamin C,54670067,28694,nutrient-vitamin,vitamin,,,,
33,Quinine,3034034,28665,plant-compound,alkaloid,,yes,,
34,Magnesium glycinate,84645,28283,nutrient-vitamin,other,,,,
35,Isopropyl alcohol,3776,27872,everyday-chemistry,alcohol,yes,,yes,add-core
36,Formaldehyde,712,26719,everyday-chemistry,aldehyde,,,yes,add-core
37,Sodium chloride,5234,25668,food-flavor,other,,,,
38,Oxytocin,439302,25512,body-endogenous,peptide,,yes,,
39,Glycerol,753,25477,food-flavor,sugar-alcohol,,,,
40,Methanol,887,25415,everyday-chemistry,alcohol,,,yes,add-core
41,Aspartame,134601,24441,sweetener,sweetener,,,,
42,Nicotinamide adenine dinucleotide,925,24030,body-endogenous,nucleobase,,,,
43,Citric acid,311,23881,food-flavor,organic-acid,,,,
44,Salicylic acid,338,23836,otc-medicine,otc,yes,,,
45,Melatonin,896,23598,body-endogenous,amine,yes,yes,,
46,Insulin,118984375,23484,body-endogenous,peptide,,yes,,
47,Taurine,1123,23308,body-endogenous,amino-acid,,,,
48,Acetone,180,22860,everyday-chemistry,ketone,,,yes,add-core
49,Capsaicin,1548943,22842,plant-compound,phenolic,,yes,,
50,Cholesterol,5997,22298,body-endogenous,steroid-hormone,,,,
51,Coenzyme Q10,5281915,22293,nutrient-vitamin,other,,,,
52,Allura Red AC,33258,22223,food-flavor,other,,,,
53,Erythritol,222285,22198,sweetener,sugar-alcohol,,,,
54,Famotidine,3325,22110,otc-medicine,otc,yes,,,
55,Loratadine,3957,21766,otc-medicine,otc,yes,,,
56,Calcium carbonate,10112,21450,nutrient-vitamin,other,yes,yes,,
57,Sucrose,5988,21205,sweetener,sugar,,,,
58,Sodium hypochlorite,23665760,20675,everyday-chemistry,inorganic,,,yes,add-core
59,Adrenaline,5816,20343,body-endogenous,neurotransmitter,,yes,,
60,Cannabidiol,644019,20069,plant-compound,terpenoid,,yes,,
61,Fexofenadine,3348,19871,otc-medicine,otc,yes,,,
62,Sucralose,71485,19789,sweetener,sweetener,,,,
63,Ephedrine,9294,19586,otc-medicine,otc,yes,,,
64,Camphor,2537,19275,scent-aroma,terpenoid,,yes,,
65,Propylene glycol,1030,18986,food-flavor,alcohol,,yes,,
66,Norepinephrine,439260,18877,body-endogenous,neurotransmitter,,yes,,
67,Loperamide,3955,18633,otc-medicine,otc,yes,,,
68,Magnesium sulfate,24083,18016,nutrient-vitamin,other,,yes,,
69,Doxylamine,3162,17926,otc-medicine,otc,yes,,,
70,Lactic acid,612,17400,food-flavor,organic-acid,,,,
71,Hyaluronic acid,24759,17007,body-endogenous,other,,,,
72,Xylitol,6912,16861,sweetener,sugar-alcohol,,,,
73,Theanine,439378,16349,plant-compound,amino-acid,,,,
74,Potassium chloride,4873,15865,food-flavor,other,,,,
75,Folate,135398658,15813,nutrient-vitamin,vitamin,,,,
76,Glutathione,124886,15569,body-endogenous,peptide,,,,
77,Acetylcholine,187,15464,body-endogenous,neurotransmitter,,,,
78,Thiamine,1130,15034,nutrient-vitamin,vitamin,,,,
79,Nitric oxide,145068,15018,body-endogenous,inorganic,,,yes,add-core
80,Oxalic acid,971,14969,plant-compound,organic-acid,,,,
81,Bilirubin,5280352,14734,body-endogenous,other,,,,
82,Chitin,6857375,14702,nutrient-vitamin,sugar,,,,
83,Biotin,171548,14576,nutrient-vitamin,vitamin,,,,
84,Menthol,16666,14426,food-flavor,terpenoid,,,,
85,Tryptophan,6305,14422,body-endogenous,amino-acid,,,,
86,Glycine,750,14419,body-endogenous,amino-acid,,,,
87,Nicotinamide,936,14270,nutrient-vitamin,vitamin,,,,
88,Clotrimazole,2812,14081,otc-medicine,otc,yes,,,
89,Retinol,445354,13859,nutrient-vitamin,vitamin,,,,
90,Berberine,2353,13752,plant-compound,alkaloid,,yes,,
91,Sodium nitrite,23668193,13748,food-flavor,other,,,,
92,Bismuth subsalicylate,16682734,13570,otc-medicine,otc,yes,,,
93,DEET,4284,13505,everyday-chemistry,amide,,,yes,add-core
94,Phenylephrine,6041,13455,otc-medicine,otc,yes,,,
95,Histamine,774,13445,body-endogenous,amine,,,,
96,Estradiol,5757,13444,body-endogenous,steroid-hormone,,yes,,
97,GABA,119,13329,body-endogenous,neurotransmitter,,,,
98,Adenosine,60961,13327,body-endogenous,nucleobase,,yes,,
99,Phenylalanine,6140,13086,body-endogenous,amino-acid,,,,
100,Progesterone,5994,13041,body-endogenous,steroid-hormone,,yes,,
101,Phosphoric acid,1004,12799,food-flavor,other,,,,
102,Calcium chloride,24854,12684,food-flavor,other,,,,
103,Ethyl acetate,8857,12608,food-flavor,ester,,yes,,
104,Fructose,5984,12446,sweetener,sugar,,,,
105,Uric acid,1175,12358,body-endogenous,other,,,,
106,Ethylene,6325,12319,plant-compound,alkene,,,yes,add-core
107,Theobromine,5429,12308,plant-compound,alkaloid,,yes,,
108,Choline,305,12168,nutrient-vitamin,amine,,,,
109,Dimenhydrinate,10660,12100,otc-medicine,otc,yes,,,
110,Guaifenesin,3516,11974,otc-medicine,otc,yes,,,
111,Lysine,866,11935,body-endogenous,amino-acid,,,,
112,Potassium iodide,4875,11825,nutrient-vitamin,other,,yes,,
113,Dihydrotestosterone,10635,11604,body-endogenous,steroid-hormone,,yes,,
114,Creatinine,26009888,11352,body-endogenous,other,,,,
115,Cholecalciferol,5280795,11336,nutrient-vitamin,vitamin,,,,
116,Acetaldehyde,177,11323,food-flavor,aldehyde,,,,
117,Arginine,28782,11180,body-endogenous,amino-acid,,,,
118,Inulin,24763,11139,nutrient-vitamin,sugar,,,,
119,Vasopressin,644077,11100,body-endogenous,peptide,,yes,,
120,Riboflavin,493570,10922,nutrient-vitamin,vitamin,,,,
121,5-Hydroxytryptophan,439280,10810,body-endogenous,amino-acid,,yes,,
122,Chlorphenamine,2725,10663,otc-medicine,otc,yes,,,
123,Ammonium chloride,25517,10551,food-flavor,other,,yes,,
124,Phenethylamine,1001,10341,body-endogenous,amine,,yes,,
125,Carmine,14950,10332,food-flavor,other,,,,
126,Curcumin,969516,10161,plant-compound,phenolic,,,,
127,Inositol,892,10102,nutrient-vitamin,sugar-alcohol,,,,
128,Saccharin,5143,9846,sweetener,sweetener,,,,
129,Solanine,9549171,9826,plant-compound,alkaloid,,,,
130,Butyric acid,264,9812,food-flavor,fatty-acid,,,,
131,Tyrosine,6057,9769,body-endogenous,amino-acid,,,,
132,Lactose,6134,9603,sweetener,sugar,,,,
133,Sorbitol,5780,9480,sweetener,sugar-alcohol,,,,
134,Coumarin,323,9460,scent-aroma,phenolic,,,,
135,Lithium orotate,23686432,9406,nutrient-vitamin,other,,yes,,
136,Quercetin,5280343,9369,plant-compound,flavonoid,,,,
137,Sodium nitrate,24268,9320,food-flavor,other,,yes,,
138,Safrole,5144,9194,plant-compound,phenolic,,,,
139,Benzoic acid,243,9172,food-flavor,organic-acid,,,,
140,Glutamic acid,611,9124,body-endogenous,amino-acid,,,,
141,Vanillin,1183,9051,food-flavor,aldehyde,,,,
142,Oleic acid,445639,9009,nutrient-vitamin,fatty-acid,,,,
143,Glycogen,439177,8825,body-endogenous,sugar,,,,
144,Resveratrol,445154,8792,plant-compound,phenolic,,,,
145,Acesulfame potassium,11074431,8510,sweetener,sweetener,,,,
146,Potassium bitartrate,23666342,8504,food-flavor,organic-acid,,,,
147,Sodium benzoate,517055,8485,food-flavor,organic-acid,,,,
148,Purine,1044,8448,body-endogenous,nucleobase,,,,
149,Oxymetazoline,4636,8351,otc-medicine,otc,yes,,,
150,Amygdalin,656516,8332,plant-compound,glycoside,,,,
151,Tartaric acid,875,8203,food-flavor,organic-acid,,,,
152,Brilliant blue FCF,19700,8190,food-flavor,other,,,,
153,Mannitol,6251,8184,sweetener,sugar-alcohol,,yes,,
154,Zinc oxide,14806,8109,otc-medicine,otc,yes,,,
155,Cysteine,5862,8040,body-endogenous,amino-acid,,,,
156,Carnitine,288,7999,body-endogenous,amino-acid,,,,
157,Esomeprazole,9568614,7864,otc-medicine,otc,yes,,,
158,Malic acid,525,7835,food-flavor,organic-acid,,,,
159,Theophylline,2153,7724,plant-compound,alkaloid,,yes,yes,move-from-wing
160,Cyanocobalamin,16212801,7721,nutrient-vitamin,vitamin,,,,
161,Sodium acetate,517045,7711,food-flavor,organic-acid,,,,
162,Geosmin,29746,7691,scent-aroma,terpenoid,,,,
163,Dehydroepiandrosterone,5881,7687,body-endogenous,steroid-hormone,,yes,,
164,Glucosamine,439213,7566,nutrient-vitamin,sugar,yes,,,
165,Linoleic acid,5280450,7562,nutrient-vitamin,fatty-acid,,,,
166,Nicotinic acid,938,7457,nutrient-vitamin,vitamin,,yes,,
167,Magnesium oxide,14792,7446,nutrient-vitamin,other,,yes,,
168,Astaxanthin,5281224,7439,nutrient-vitamin,carotenoid,,,,
169,Nicotinamide mononucleotide,14180,7414,nutrient-vitamin,other,,,,
170,Bicarbonate,769,7350,body-endogenous,other,,,,
171,Butylated hydroxytoluene,31404,7296,food-flavor,phenolic,,,,
172,Benzoyl peroxide,7187,7290,otc-medicine,otc,yes,,,
173,Glucagon,16186314,7275,body-endogenous,peptide,,yes,,
174,Methylsulfonylmethane,6213,7236,nutrient-vitamin,other,,,,
175,Stearic acid,5281,7079,nutrient-vitamin,fatty-acid,,,,
176,Methionine,876,7073,body-endogenous,amino-acid,,,,
177,Methyl salicylate,4133,7052,food-flavor,ester,,yes,,
178,Acrylamide,6579,6974,food-flavor,other,,yes,,
179,Tartrazine,164825,6938,food-flavor,other,,,,
180,Sodium metabisulfite,51000477,6797,food-flavor,other,,,,
181,Glutamine,5961,6741,body-endogenous,amino-acid,,,,
182,Indole,798,6642,scent-aroma,other,,,,
183,Polysorbate 80,5281955,6598,food-flavor,ester,,,,
184,Aldosterone,5839,6481,body-endogenous,steroid-hormone,,,,
185,Maltitol,493591,6477,sweetener,sugar-alcohol,,,,
186,Lycopene,446925,6448,plant-compound,carotenoid,,,,
187,Leucine,6106,6371,body-endogenous,amino-acid,,,,
188,Lipoic acid,864,6314,nutrient-vitamin,fatty-acid,,,,
189,Benzaldehyde,240,6206,food-flavor,aldehyde,,,,
190,Pantothenic acid,988,6188,nutrient-vitamin,vitamin,,,,
191,Eugenol,3314,6159,food-flavor,phenolic,,,,
192,Magnesium citrate,8949,6091,nutrient-vitamin,organic-acid,,yes,,
193,Thujone,11027,6057,plant-compound,terpenoid,,,,
194,Benzyl alcohol,244,6017,scent-aroma,alcohol,,,,
195,Magnesium chloride,24584,6007,nutrient-vitamin,other,,yes,,
196,Potassium sorbate,23676745,6003,food-flavor,organic-acid,,,,
197,Palmitic acid,985,5926,food-flavor,fatty-acid,,,,
198,Iron(II) sulfate,24393,5882,nutrient-vitamin,other,,,,
199,Bisacodyl,2391,5870,otc-medicine,otc,yes,,,
200,Adenine,190,5858,body-endogenous,nucleobase,,,,
201,Chitosan,71853,5791,nutrient-vitamin,sugar,,,,
202,Spermidine,1102,5696,body-endogenous,amine,,,,
203,Acetyl-CoA,444493,5662,body-endogenous,other,,,,
204,Magnesium hydroxide,14791,5628,otc-medicine,otc,yes,,,
205,Proline,614,5560,body-endogenous,amino-acid,,,,
206,Galactose,6036,5555,sweetener,sugar,,,yes,
207,Meclizine,4034,5527,otc-medicine,otc,yes,,,
208,Alanine,5950,5486,body-endogenous,amino-acid,,,,
209,Piperine,638024,5474,plant-compound,alkaloid,,,,
210,Citrulline,9750,5474,body-endogenous,amino-acid,,,,
211,Docosahexaenoic acid,445580,5466,nutrient-vitamin,fatty-acid,,,,
212,Maltose,439186,5461,sweetener,sugar,,,,
213,Methylcobalamin,6436232,5455,nutrient-vitamin,vitamin,,,,
214,Cannabigerol,5315659,5377,plant-compound,terpenoid,,,,
215,Leptin,157010069,5354,body-endogenous,peptide,,,yes,
216,Aspartic acid,5960,5310,body-endogenous,amino-acid,,,,
217,Histidine,6274,5281,body-endogenous,amino-acid,,,,
218,Carboxymethyl cellulose,24748,5273,food-flavor,sugar,,,,
219,Tocopherol,14986,5265,nutrient-vitamin,vitamin,,,,
220,Propionic acid,1032,5170,food-flavor,organic-acid,,,,
221,Citicoline,11583971,5168,nutrient-vitamin,other,,yes,,
222,Guanine,764,5117,body-endogenous,nucleobase,,,,
223,Ghrelin,16133832,5109,body-endogenous,peptide,,,,
224,Β-Carotene,5280489,5073,plant-compound,carotenoid,,,,
225,Arachidonic acid,444899,4914,body-endogenous,fatty-acid,,,,
226,Succinic acid,1110,4883,body-endogenous,organic-acid,,,,
227,Anandamide,5281969,4876,body-endogenous,neurotransmitter,,,,
228,Tyramine,5610,4859,food-flavor,amine,,,,
229,Dimethyl sulfide,1068,4856,scent-aroma,other,,,,
230,Ketotifen,3827,4846,otc-medicine,otc,yes,,,
231,S-Adenosyl methionine,34755,4812,body-endogenous,other,,yes,,
232,Linalool,6549,4799,scent-aroma,terpene,,,,
233,Tryptamine,1150,4748,body-endogenous,amine,,yes,,
234,Trisodium citrate,6224,4732,food-flavor,organic-acid,,,,
235,Deoxyribose,439576,4685,body-endogenous,sugar,,,,
236,Cinnamaldehyde,637511,4645,food-flavor,aldehyde,,,,
237,Allicin,65036,4639,plant-compound,other,,,,
238,Tetrahydrocannabinolic acid,98523,4639,plant-compound,terpenoid,,yes,,
239,Allulose,90008,4608,sweetener,sugar,,,yes,
240,Pyruvic acid,1060,4570,body-endogenous,organic-acid,,,,
241,Calcitriol,5280453,4558,nutrient-vitamin,vitamin,,yes,,
242,Docusate,23673837,4505,otc-medicine,otc,yes,,,
243,Pyridoxine,1054,4492,nutrient-vitamin,vitamin,,,,
244,Cimetidine,2756,4452,otc-medicine,otc,yes,,,
245,Ribose,10975657,4441,body-endogenous,sugar,,,yes,
246,Squalene,638072,4351,plant-compound,terpene,,,,
247,Calcium oxalate,33005,4345,body-endogenous,organic-acid,,,,
248,Trimethylamine N-oxide,1145,4292,body-endogenous,amine,,,,
249,Estradiol (medication),9811784,4230,body-endogenous,steroid-hormone,,yes,,
250,Sulforaphane,5350,4177,plant-compound,other,,,,
251,Apigenin,5280443,4171,plant-compound,flavonoid,,,,
252,Methanethiol,878,4167,scent-aroma,other,,,,
253,Aluminium hydroxide,10176082,4166,otc-medicine,otc,yes,,,
254,Isomalt,3034828,4164,sweetener,sugar-alcohol,,,,
255,Thyroxine,853,4138,body-endogenous,other,,yes,,
256,Lauric acid,3893,4114,plant-compound,fatty-acid,,,,
257,Uracil,1174,4109,body-endogenous,nucleobase,,,,
258,Erucic acid,5281116,4101,plant-compound,fatty-acid,,,,
259,Panthenol,4678,4083,nutrient-vitamin,vitamin,,,,
260,Tannic acid,16129778,4079,plant-compound,phenolic,,,,
261,Catechin,9064,4055,plant-compound,flavonoid,,,,
262,Putrescine,1045,4048,body-endogenous,amine,,,,
263,Magnesium carbonate,11029,4022,nutrient-vitamin,other,,yes,,
264,Cyclic adenosine monophosphate,6076,4007,body-endogenous,other,,,,
265,Lutein,5281243,4002,plant-compound,carotenoid,,,,
266,Cyclizine,6726,3970,otc-medicine,otc,yes,,,
267,Isoamyl acetate,31276,3940,food-flavor,ester,,,,
268,Nepetalactone,161367,3938,plant-compound,terpenoid,,,,
269,Myristicin,4276,3921,plant-compound,phenolic,,,,
270,Resiniferatoxin,5702546,3903,plant-compound,terpenoid,,,,
271,Diacetyl,650,3894,food-flavor,ketone,,,,
272,Miconazole,4189,3863,otc-medicine,otc,yes,,,
273,Ergocalciferol,5280793,3835,nutrient-vitamin,vitamin,,,,
274,Urolithin A,5488186,3823,body-endogenous,phenolic,,,,
275,Homocysteine,778,3808,body-endogenous,amino-acid,,,,
276,Amaranth (dye),13506,3777,food-flavor,other,,,,
277,Disodium phosphate,24203,3740,food-flavor,other,,,,
278,Serine,5951,3732,body-endogenous,amino-acid,,,,
279,Ammonium carbonate,517111,3654,food-flavor,other,,,,
280,Thymol,6989,3652,plant-compound,phenolic,,,,
281,Trimethylamine,1146,3629,scent-aroma,amine,,,,
282,Phytic acid,890,3573,plant-compound,other,,,,
283,Epigallocatechin gallate,65064,3560,plant-compound,flavonoid,,,,
284,Sunset yellow FCF,17730,3526,food-flavor,other,,,,
285,Retinal,1070,3496,nutrient-vitamin,vitamin,,,,
286,Triiodothyronine,5920,3486,body-endogenous,amino-acid,,yes,,
287,Phenylacetic acid,999,3480,scent-aroma,organic-acid,,,,
288,Fumaric acid,444972,3436,food-flavor,organic-acid,,,,
289,Isoleucine,6306,3413,body-endogenous,amino-acid,,,,
290,Thymine,1135,3385,body-endogenous,nucleobase,,,,
291,Sodium bisulfite,656672,3334,food-flavor,other,,,,
292,Coenzyme A,87642,3301,body-endogenous,other,,,,
293,Pyridoxal phosphate,1051,3299,nutrient-vitamin,vitamin,,,,
294,Threonine,6288,3298,body-endogenous,amino-acid,,,,
295,Chlorogenic acid,1794427,3275,plant-compound,phenolic,,,,
296,Cyclamate,23665706,3268,sweetener,sweetener,,,,
297,Androstenedione,6128,3266,body-endogenous,steroid-hormone,,,,
298,Trimethylglycine,247,3262,body-endogenous,amino-acid,,,,
299,Cannabinol,2543,3260,plant-compound,phenolic,,yes,,
300,Acetophenone,7410,3247,scent-aroma,ketone,,,,
301,Methyl cellulose,51063134,3230,food-flavor,other,,yes,,
302,Cytosine,597,3228,body-endogenous,nucleobase,,,,
303,Skatole,6736,3217,scent-aroma,other,,,,
304,Β-Alanine,239,3194,body-endogenous,amino-acid,,,,
305,Ammonium bicarbonate,14013,3175,food-flavor,other,,,,
306,Trehalose,7427,3166,sweetener,sugar,,,,
307,Geraniol,637566,3161,scent-aroma,terpenoid,,,,
308,Allopregnanolone,92786,3133,body-endogenous,steroid-hormone,,yes,,
309,Paraxanthine,4687,3121,body-endogenous,alkaloid,,,,
310,Hydroxocobalamin,163191904,3120,nutrient-vitamin,vitamin,,yes,,
311,Pregnenolone,8955,3112,body-endogenous,steroid-hormone,,,,
312,Xanthine,1188,3082,body-endogenous,nucleobase,,,,
313,Tetrahydrocannabivarin,34180,3071,plant-compound,phenolic,,yes,,
314,Ambroxide,10857465,3048,scent-aroma,terpenoid,,,,
315,Annonacin,354398,3047,plant-compound,fatty-acid,,,,
316,Cadaverine,273,3037,scent-aroma,amine,,,,
317,Caprylic acid,379,3027,food-flavor,fatty-acid,,,,
318,Asparagine,236,3015,body-endogenous,amino-acid,,,,
319,Flavin adenine dinucleotide,643975,2986,body-endogenous,other,,,,
320,Calcitonin,16132288,2981,body-endogenous,peptide,,yes,,
321,Erythrosine,3259,2973,food-flavor,other,,,,
322,Benzyl benzoate,2345,2972,scent-aroma,ester,,yes,,
323,Agmatine,199,2967,body-endogenous,amine,,,,
324,Substance P,36511,2958,body-endogenous,peptide,,,,
325,Caryophyllene,5281515,2954,scent-aroma,terpene,,,,
326,Cinnamic acid,444539,2917,plant-compound,organic-acid,,,,
327,Butylated hydroxyanisole,24667,2904,food-flavor,phenolic,,,,
328,Eicosapentaenoic acid,446284,2900,nutrient-vitamin,fatty-acid,,,,
329,Palmitoylethanolamide,4671,2896,body-endogenous,fatty-acid,,,,
330,Ubiquinol,6504740,2862,body-endogenous,other,,,,
331,Α-Linolenic acid,5280934,2855,nutrient-vitamin,fatty-acid,,,,
332,Potassium bicarbonate,516893,2831,food-flavor,other,,yes,,
333,Huperzine A,854026,2817,plant-compound,alkaloid,,yes,,
334,Acetylcarnitine,7045767,2800,body-endogenous,other,,,,
335,Zinc sulfate,24424,2774,nutrient-vitamin,other,,yes,,
336,Allyl isothiocyanate,5971,2771,food-flavor,other,,,,
337,Valine,6287,2767,body-endogenous,amino-acid,,,,
338,Amylose,53477771,2764,nutrient-vitamin,sugar,,,,
339,Benzophenone,3102,2727,scent-aroma,ketone,,,,
340,Β-Hydroxy β-methylbutyric acid,69362,2709,nutrient-vitamin,organic-acid,,,,
341,Calcium gluconate,9290,2708,nutrient-vitamin,organic-acid,,yes,,
342,Rutin,5280805,2705,plant-compound,flavonoid,,,,
343,Allantoin,204,2682,body-endogenous,other,,,,
344,Juglone,3806,2681,plant-compound,phenolic,,,,
345,Pyrroloquinoline quinone,1024,2654,nutrient-vitamin,other,,,,
346,Guanosine triphosphate,6830,2648,body-endogenous,nucleobase,,,,
347,Tricalcium phosphate,24456,2613,nutrient-vitamin,other,,,,
348,Carnosine,439224,2611,body-endogenous,peptide,,,,
349,Adenosine diphosphate,6022,2593,body-endogenous,nucleobase,,,,
350,Gallic acid,370,2579,plant-compound,phenolic,,,,
351,Bradykinin,439201,2562,body-endogenous,peptide,,,,
352,Β-Hydroxybutyric acid,441,2554,body-endogenous,organic-acid,,,,
353,Methyl anthranilate,8635,2552,food-flavor,ester,,,,
354,Anethole,7703,2539,food-flavor,phenolic,,,,
355,Tert-Butylhydroquinone,16043,2503,food-flavor,phenolic,,,,
356,Amylopectin,439207,2494,nutrient-vitamin,sugar,,,,
357,Dipotassium phosphate,24450,2470,food-flavor,other,,,,
358,Carvone,7439,2460,scent-aroma,terpenoid,,,,
359,Glycyrrhizin,14982,2448,sweetener,glycoside,,,,
360,Sodium sulfite,24437,2434,food-flavor,other,,,,
361,Valeric acid,7991,2431,scent-aroma,fatty-acid,,,,
362,Nicotinamide riboside,439924,2418,nutrient-vitamin,vitamin,,,,
363,Myrcene,31253,2409,scent-aroma,terpene,,,,
364,Selenocysteine,25076,2396,body-endogenous,amino-acid,,,,
365,Synephrine,7172,2390,plant-compound,alkaloid,,yes,,
366,Magnesium stearate,11177,2386,food-flavor,fatty-acid,,,,
367,Chlorophyll a,12085802,2377,plant-compound,other,,,,
368,Guaiacol,460,2354,scent-aroma,phenolic,,,,
369,Glycerophosphorylcholine,657272,2339,nutrient-vitamin,other,,yes,,
370,Isoamyl alcohol,31260,2330,food-flavor,alcohol,,,,
371,Diosmin,5281613,2326,plant-compound,flavonoid,,yes,,
372,Silibinin,31553,2311,plant-compound,flavonoid,,yes,,
373,Zeaxanthin,5280899,2310,plant-compound,carotenoid,,,,
374,Hydroxymethylfurfural,237332,2305,food-flavor,aldehyde,,,,
375,4-Aminobenzoic acid,978,2298,nutrient-vitamin,other,,yes,,
376,Eucalyptol,2758,2250,scent-aroma,terpenoid,,,,
377,Adenosine monophosphate,6083,2249,body-endogenous,nucleobase,,,,
378,Gingerol,442793,2232,plant-compound,phenolic,,,,
379,Mesembrine,394162,2206,plant-compound,alkaloid,,yes,,
380,Phosphocreatine,587,2199,body-endogenous,other,,,,
381,Cholecystokinin,16129670,2196,body-endogenous,peptide,,,,
382,N-Acetylglucosamine,24139,2191,body-endogenous,sugar,,yes,,
383,Dicalcium phosphate,24441,2176,nutrient-vitamin,other,,,,
384,Caffeic acid,689043,2172,plant-compound,phenolic,,,,
385,Sodium iodide,5238,2160,nutrient-vitamin,other,,yes,,
386,Disodium inosinate,135414245,2151,food-flavor,nucleobase,,,,
387,Potassium citrate,13344,2147,food-flavor,organic-acid,,yes,,
388,Prostaglandin E2,5280360,2147,body-endogenous,fatty-acid,,yes,,
389,Azodicarbonamide,31269,2143,food-flavor,other,,,,
390,9-Methyl-β-carboline,164979,2142,plant-compound,alkaloid,,,,
391,Sorbic acid,643460,2112,food-flavor,organic-acid,,,,
392,Gluconic acid,10690,2095,food-flavor,organic-acid,,,,
393,Ornithine,6262,2093,body-endogenous,amino-acid,,,,
394,Monosodium phosphate,24204,2083,food-flavor,other,,,,
395,Luteolin,5280445,2075,plant-compound,flavonoid,,,,
396,Methylglyoxal,880,2075,body-endogenous,aldehyde,,yes,,
397,Ferulic acid,445858,2072,plant-compound,phenolic,,,,
398,Magnesium L-threonate,71307398,2042,nutrient-vitamin,organic-acid,,,,
399,Indigo carmine,5284351,2029,food-flavor,other,,,,
400,Carvacrol,10364,2014,plant-compound,terpenoid,,,,
401,Natamycin,5284447,1997,food-flavor,other,,yes,,
402,Biliverdin,5280353,1981,body-endogenous,other,,,,
403,Ergosterol,444679,1968,plant-compound,other,,,,
404,Hesperidin,10621,1965,plant-compound,flavonoid,,,yes,
405,Cystine,67678,1959,body-endogenous,amino-acid,,,,
406,Ergothioneine,5351619,1932,nutrient-vitamin,amino-acid,,,,
407,Myristic acid,11005,1928,body-endogenous,fatty-acid,,,,
408,Vasoactive intestinal peptide,16132300,1926,body-endogenous,peptide,,,,
409,Piperonal,8438,1923,scent-aroma,aldehyde,,,,
410,Calcium citrate,13136,1916,nutrient-vitamin,organic-acid,,,,
411,Potassium sodium tartrate,165453,1915,food-flavor,organic-acid,,,,
412,Ponceau 4R,17466,1910,food-flavor,other,,,,
413,Sodium ferrocyanide,26129,1891,food-flavor,other,,yes,,
414,Thyrotropin-releasing hormone,638678,1883,body-endogenous,peptide,,,,
415,2-Nonenal,17166,1878,scent-aroma,aldehyde,,,,
416,Thymoquinone,10281,1876,plant-compound,terpenoid,,,,
417,Calcium acetate,6116,1875,food-flavor,organic-acid,,yes,,
418,Chromium(III) picolinate,151932,1871,nutrient-vitamin,other,,,,
419,Pyrazine,9261,1866,scent-aroma,other,,,,
420,Dihydroxyacetone,670,1836,body-endogenous,sugar,,yes,,
421,Choline chloride,6209,1759,nutrient-vitamin,amine,,,,
422,Glucono-δ-lactone,7027,1745,food-flavor,ester,,,,
423,Estrone,5870,1741,body-endogenous,steroid-hormone,,yes,,
424,Anthranilic acid,227,1714,food-flavor,organic-acid,,,,
425,Mogroside V,24721270,1601,sweetener,sweetener,,,yes,
426,Citral,8843,1594,scent-aroma,aldehyde,,,yes,
427,Pentadecylic acid,13849,1590,body-endogenous,fatty-acid,,,,
428,Salicin,439503,1540,plant-compound,glycoside,,,,
429,Genistein,5280961,1405,plant-compound,flavonoid,,,yes,
430,Agaritine,439516,1368,plant-compound,other,,,,
431,Acemannan,72041,1322,plant-compound,other,,,,
432,Inositol trisphosphate,55310,1283,body-endogenous,other,,,,
433,Betanin,441603,1279,food-flavor,glycoside,,,yes,
434,Androstenone,6852393,1233,scent-aroma,steroid-hormone,,,,
435,Oleuropein,5281544,1136,plant-compound,phenolic,,,yes,
436,Sotolon,62835,1096,scent-aroma,other,,,yes,
437,Raspberry ketone,21648,1061,scent-aroma,ketone,,,yes,
438,"P-Menthane-3,8-diol",556998,984,plant-compound,terpenoid,,,,
439,Cyanidin,128861,961,plant-compound,flavonoid,,,yes,
440,Shogaol,5281794,952,plant-compound,phenolic,,,yes,
441,Lugduname,57459281,946,sweetener,sweetener,,,,
442,Naringin,442428,927,plant-compound,flavonoid,,,yes,
443,beta-Ionone,638014,863,scent-aroma,ketone,,,yes,
444,Rebaudioside A,6918840,861,sweetener,glycoside,,,yes,
445,Furaneol,19309,775,scent-aroma,ketone,,,yes,
446,Stevioside,442089,685,sweetener,glycoside,,,yes,
447,Ethyl maltol,21059,650,food-flavor,other,,,yes,
448,Maltol,8369,645,food-flavor,other,,,yes,
449,Daidzein,5281708,590,plant-compound,flavonoid,,,yes,
450,Β-Santalol,6857681,494,scent-aroma,terpenoid,,,,
451,Phylloquinone,5284607,445,nutrient-vitamin,vitamin,,,yes,
452,alpha-Pinene,6654,292,scent-aroma,terpene,,,yes,
453,Dexpanthenol,131204,177,nutrient-vitamin,vitamin,,,,
454,Propionate,104745,153,body-endogenous,organic-acid,,,,
455,Iso E Super,108242,97,scent-aroma,terpenoid,,,,
456,11-cis retinal,5280490,45,body-endogenous,vitamin,,,,
457,Allomatrine,7000681,40,plant-compound,alkaloid,,,,
458,MK-7,5287554,15,nutrient-vitamin,vitamin,,,,
459,Calcium beta-hydroxy-beta-methylbutyrate,9860341,6,nutrient-vitamin,organic-acid,,,,
460,Yohimbic acid,72131,2,plant-compound,alkaloid,,,,
461,Benfotiamine,3032771,0,nutrient-vitamin,vitamin,,,,
462,Nuciferine,10146,0,plant-compound,alkaloid,,,,
463,Kojic acid,3840,0,food-flavor,other,,,,
464,Furfural,7362,0,food-flavor,aldehyde,,,,
465,Brompheniramine,6834,0,otc-medicine,otc,yes,,,
466,Collagen,,0,body-endogenous,protein,,,yes,hand-model
467,Keratin,,0,body-endogenous,protein,,,yes,hand-model
468,Hemoglobin,,0,body-endogenous,protein,,,yes,hand-model
469,Melanin,,0,body-endogenous,pigment-polymer,,,yes,hand-model
470,Starch,,0,food-flavor,polysaccharide,,,yes,hand-model
471,Cellulose,,0,plant-compound,polysaccharide,,,yes,hand-model
472,Gelatin,,0,food-flavor,protein,,,yes,hand-model
473,Endorphin,,0,body-endogenous,peptide,,,yes,hand-model
474,Sodium fluoride,5235,0,everyday-chemistry,inorganic,,,yes,add-core
475,Iodine,24841,0,everyday-chemistry,inorganic,yes,,yes,add-core
476,Triclosan,5564,0,everyday-chemistry,phenolic,,,yes,add-core
477,Glycolic acid,757,0,everyday-chemistry,organic-acid,,,yes,add-core
478,Sodium lauryl sulfate,3423265,0,everyday-chemistry,surfactant,,,yes,add-core
479,Chlorhexidine,9552079,0,everyday-chemistry,biguanide,yes,,yes,add-core
480,Pectin,,0,food-flavor,polysaccharide,,,yes,hand-model
481,Lecithin,,0,food-flavor,phospholipid-mixture,,,yes,hand-model
482,Carrageenan,,0,food-flavor,polysaccharide,,,yes,hand-model
483,Xanthan gum,,0,food-flavor,polysaccharide,,,yes,hand-model
484,Guar gum,,0,food-flavor,polysaccharide,,,yes,hand-model
485,Agar,,0,food-flavor,polysaccharide,,,yes,hand-model
486,Gluten,,0,food-flavor,protein-mixture,,,yes,hand-model
487,Casein,,0,food-flavor,protein,,,yes,hand-model
488,Albumin,,0,body-endogenous,protein,,,yes,hand-model
489,Fibrin,,0,body-endogenous,protein,,,yes,hand-model
490,Dihydrocapsaicin,107982,800,plant-compound,phenolic,,yes,capsaicinoid,
491,Nonivamide,2998,600,plant-compound,phenolic,,yes,capsaicinoid,
493,Nordihydrocapsaicin,168836,300,plant-compound,phenolic,,yes,capsaicinoid,
494,Homocapsaicin,6442566,150,plant-compound,phenolic,,yes,capsaicinoid,
495,Homodihydrocapsaicin,3084336,150,plant-compound,phenolic,,yes,capsaicinoid,
496,Zingerone,31211,1200,plant-compound,phenolic,,yes,capsaicinoid,
497,Ethanethiol,6343,400,scent-aroma,sulfur,,yes,pungent,
498,Hydrogen sulfide,402,3000,scent-aroma,sulfur,,yes,pungent,
499,Dimethyl disulfide,12232,300,scent-aroma,sulfur,,yes,pungent,
